131160,ChristopherSahnwaldt,JonaChristopherSahnwaldt,JonaChristopherSahnwaldt,,Jona,torek&#39;s,jona,jcsahnwaldt,jcsahnwaldt,,jcsahnwaldtsaysGoFundMonica
7310028,Deepak,Deepak,,class
2580516,user2580516,user2580516:,WarrenDew,WarrenDew,,Warren,warren,WarrenDew.,Warren,,WarrenDew:,Warren:,warrendew,warrenDew:
1032500,FlyingGuy,FlyingGuy:
65458,Piotr,Piotr,,Piotr:,piotr,,PiotrFindeisen:,PiotrFindeisen,PiotrFindeisen,
209394,JugsteR
1367414,Xunnamius,Xunnamius,
5217790,HalilİbrahimOymacı,HalilİbrahimOymacı:,Halil
226449,matthijs,Kerrek,Matthijs,Matthijs,,MatthijsBierman
3380611,Mox,Mox...,Mox:
106104,immibis,immibis,,immibis:
14204,LaplieAnderson
2016165,Neph,Neph.,Neph,,Neph:,see
4269730,Espen,,Espen,Espen:
8207228,RalfKleberhoff,Ralf.,Ralf,RalfKleberhoff,,RalfKleberhoff&#39;s,RalfKleberhoff:,RalfKleberhoff.
1028560,Sanjeev,,Sanjeev
54376,Mike:,Mike
4725,Tom:,Tom,Tom,,tom
712526,jpaugh,jpaugh:,jpaugh,,
218139,StefanL:,StefanL
744133,JoD:,JoD.,JoD,JoD.,,JoD.:,JoD.&#39;s,joD,,YoYo,YoYo:,YoYo.
2197088,Legna
106261,batthink,NimChimpsky,,NimChimpsky...,Nim:,NimChimpsky:,NimChimpsky,Nim,Nim,
1526421,v3ga:,v3ga,v3ga,,avmohan
170196,EsbenP:,EsbenP,Esben,,Esben:,Esben,EsbenSkovPedersen,EsbenSkovPedersen:
2683146,Jean-Fran&#231;oisSavard:,Jean-Fran&#231;oisSavard,Jean-Fran&#231;ois,Jean-Fran&#231;oisSavard,,Zhedar,
1189548,Nazgul,nazgul:,Nazgul,,
3320962,SarasArya
3897771,apraetor,,apraetor
409976,Kevin,Kevin:,Kevin,
4773888,JonasDralle:,JonasDralle,BlueWizard
124486,Evan,Evan,,Evan:,,evan,EvanCarroll:,EvanCarroll
3826362,JędrzejDudkiewicz:,JędrzejDudkiewicz
696686,dieend:,dieend,,dieend,n2
2380830,Bathsheba:,Bathsheba,Bathsheba.,Bathsheba:Its,Bathsheba,,Bathsheba:-
474189,Duncan,Duncan,,DuncanJones,DuncanJones:,DuncanJones:To,duncanjones,DuncanJones,,Duncan:,Override,DuncanJones..
1767316,user1767316
912829,Vlad:,Vlad,ACV,ACV:,ACV.,DenyAll,ACV,,ACV,i&#39;m,Inject
1187233,WavizTeam,WavizTeam,
8735,Travis:,TravisWilson,TravisWilson,
20128,serg,serg555:,serg555,,serg:,serg,,serg555,Serg,Serg.
600500,Paŭlo,Paŭlo:,Paŭlo,,PaloEbermann:,Paŭlo!
3426825,Mor,Mor,,MorSela,MorSela:,MorSela,,Mor:,obeyjoseph:,obeyjoseph,somefolk,somefolk:,someFolk,someFolk:,homerrrrrrrr,homerun
616460,Jason:,Jason,JasonC,,JasonC:,JasonC,entity,jason,,JasonC.,JasonC&#39;s,Jason,,boxed__l:
105570,Dan:,dan,Dan,Dan,,DanTao:
74098,Cshah:,Cshah
587803,Ben:,ben,Ben,,Ben,ben:
1264657,dilruk:
521799,Lukas,lukas,Lukas:,Lukas,
642706,Basil:,BasilBourque,if,BasilBourque,synthesize,BasilBourque:,Basil,basil,BasilBourque,,Basil,
1169349,Reg,,reg,InjectMocks,Reg,Reg.,configuration,Autowired
2767662,Heinzlmaen
6648326,testerjoe2:,testerjoe2,testerjoe,testerjoe2,,testerjoe:,Test,testerjoe2&#39;s,MasterJoe2
109813,Xr.
462408,AdrianM
80701,Steven:,steven:,monksy:,monksy,,monsky:,monksy,Monksy
448078,Mykhaylo:,Mykhaylo,MykhayloAdamovych,MykhayloAdamovych:,MykhayloAdamovych?,MykhayloAdamovych,,MykhayloAdamovych.,Mike
1050755,user1050755,user1050755:,RunWith(RetryRunner.class)
5072526,hinneLinks,HinneLinks,hinneLinks:,Ga&#235;l.,Tunaki
1343553,mvreijn:,mvreijn,JoinColumn(name=&quot;account_id&quot;,,mvreijn.
640731,Krishnabhadra:,Krishnabhadra,,Krishnabhadra,Krishnabhadra:I,Krishnabhadra:Yes,Krishnabhadra:yeah.But,Krishnabhadra:its,Krishnabhadra:Sorry,Kris,krishnabhadra...,krishnabhadra,KrishnaBhadra,interface
363751,supercat:,supercat,supercat,,Supercat:,super,super:
1386469,dawesi,Dawesi,Dawesi:
1001413,jdwilemo:,jdwilemo,,BlackGaff,jdwilemo,JWiley:,JWiley,Jwiley,JWiley,,JWiley.
653708,7SpecialGems:,7SpecialGems,7SpecialGems,,7SpecialGems-So,,7SpecialGems-That,8bitjunkie,8bitjunkie,,RestController
573057,earcam:,EJB,earcam,earcam.,earcam,
341091,Martin:,Martin,Martin.,martin:,Martin,,martin
3508,A.Rex,no,A.Rex:,A.Rex,A.
5236247,Adowrath,,Adowrath,Adowrath:
1308453,Philip,,PhilipRego,PhilipRego:,PhilipRego.,PhilipRego,,philiprego,Philip
1876620,Magnamag,,Controller,Magnamag,Magnamag:,Magnamag&#39;s,,,Magnamag.,magnamag
5167682,rkm_Hodor_king,rkm_Hodor_king:,rkm_hodor.,rkm_Hodor,rkm_Hodor:,rootTraveller,rootTraveller:,rootTraveller,,rootTraveller.,roottraveller,roottraveller:,roottraveller.,roottraveller,
2193767,X86:,X86,x86,{VALUES},R.J,TheLostMind,TheLostMind:
2223059,user2223059:,user2223059
427155,broiyan,,broiyan:,Broiyan,broiyan,H2ONaCl,H2ONaCl&#39;s
601288,razavi,Razavi,M-Razavi,,M-Razavi,M-Razavi.
3404097,philip,philip,,philip.,philipxy,philipxy:,padita:,philipxy,,philpxy,philipxy.,philipxy:its
525499,CGK:,Greg,CGK
5370518,ChitKhine:,Path(&quot;/users&quot;),ChitKhine,Chit
260894,gasan,,gasan:,gasan,naughty_hacker,,dhblah,dhblah:,dhblah,
22656,Jon:,Jon,Jon,,jon,JonSkeet,Jon..,casperOne:
277304,leonbloy:,leonbloy,leonbloy.,leonbloy,,leon,Leonbloy:
829571,assylias,assylias:,assylias,,Override
48382,krzyk,krzyk:,krzyk,,krzyk&#39;s,
85421,Carlos,Carlos,,Carlos:,Int:,carlos,Carlos.,Carlos-,carlos:,Carlos:That,CarlosHeuberger,CarlosHeuberger:
431698,JingguoYao,Jingguo,JingguoYao:
2972374,Andrej,Andrej:,Andrej.
3425114,Puru--,Puru--:thought,Puru--:,Puru--,,Puru
820345,lokesh
1114457,ronnieaka,ronnieaka:,bad_keypoints,bad_keypoints:,ronnieaka,,bad_keypoints,,bad_keypoints.
1986513,Taemyr,Taemyr;,Taemyr:,Taemyr.,Taemyr,,taemyr
818006,SujitJoshi,SujitJoshi:
2621917,MPi,Mpi,mpi,MPi:,MichaelPiefel,ModelAttribute(&quot;reg&quot;),Michael,MichaelPiefel:,MichaelPiefel-san,
423105,larsH:,LarsH,LarsH:,LarsH,
139985,Stephen,,Stephen,Stephen:,StephenC,Stephen.,stephen,
18393,cletus,cletus,,cletus:,Cletus,Cletus.,Cletus:,Configurable,Cletus,,cletus/Rose:
29182,Ziggy:,Ziggy,Ziggy.,ziggy,Ziggy,,TheWeirdNerd,Ziggy&#39;s
956880,JoseAntonioDuraOlmos,JoseAntonioDuraOlmos:,SEinfringescopyright:
193467,giulio:,giulio,giulio.,giulio,,guilio,angryITguy
6338405,jaxad0127
6663095,Mani,Mani,,Mani.,mani:
1352530,user1352530,user1352530:,Keppil&#39;s,User1352530:
202630,Kemal,Kemal,,KemalErdogan:,KemalErdogan
2740621,AutonomousApps,AutonomousApps,,Autonomous,AutonomousApps.,Module,
908621,fishinear:,fishinear,TejasP:,sulthan,fishinear,,fishinear&#39;s
7022459,Apollys,Apollys:,Apollys,
2992899,JustACluelessNewbie,JustACluelessNewbie,,JustACluelessNewbie:,justacluelessnewbie
12448530,TheGoldKnight23,TheGoldKnight23:,TheGold,LonesomeParadise,Lonesome,LonesomeParadise:
7088682,NisargPatil,NisargPatil:,NisargPatil,
3187521,Amrish.,AmrishPandey,Amrish
270654,nemetroid:,nemetroid,nemetroid,
151344,Alderath,Alderath:,Alderat,Alderath,,alderath
3553087,BrianGoetz:,BrianGoetz,Brian,BrianGoetz!,BrianGoetz,,Brian,
40342,Joachim.,Joachim:,Joachim,Joachim,,joachim,,joachim,Joach,joach
378606,Ryan,,Ryan,RyanBennetts,Ryan:
1202894,Torque,,Torque
1407277,PrashantVaidyanathan
845092,Mooing,Mooing:,Moo:,MooingDuck,Mooing,,Mooing-Duck:,Moo,,Duck
1577363,erhun,erhun:,Erhun,erhun.,erhun,,CarlosHeredia,erhun-
276052,aioobe:,aioobe,aioobe,
8026,MetroidFan,MetroidFan2002,Metroid:,MetroidFan2002:,MetroidFan,,Met:,MetroidFan2002,
1048186,JosiahYoder,JosiahYoder:,Josiah,,JosiahYoder,,JosiahYoder-deactiveexcept..
8136480,SohitGore
1197331,ViliamB&#250;r,ViliamB&#250;r,,ViliamB&#250;r:
253661,Peter,PetervdL
767033,Chris.Zou,Chris.Zou,,Chris.Zou:
444668,jonney:,jonney,ebneter
581205,maaartinus,maaa,,maaartinus:,maaartinus,,maaartinus.
136928,sjlee
4958,ShreevatsaR:,ShreevatsaR,Shreevatsa:,Shreevatsar,,Shreevatsa,,ShreevatsaR,,Shr,Shree:,Shreev:,Shree,,ShreevatsaR.,shreevatsar
369604,nategoose.,Lodu:,Loduwijk:,Loduwijk,Aaron,Aaron:,Aaron,,Loduwijk.
8346787,CodeWizard
2083957,AakashShah,technazi:,technazi
571828,Kejia,Kejia:,Kejia;,xando
279598,MCory:,MCory,Mcory:
2311557,TrudleR:,TrudleR,TrudleR,,codepleb,,codepleb
1839214,mavili:,mavili,mavili,,H
498522,James,James:,James,
1394393,jpmc26,jpmc,jpmc26:,jpmc26,,jpmc26.,GGrothendieck,jpm
1151521,Aleksandr,AleksandrDubinsky,AleksandrDubinsky:
227299,Juan,Juan:,Juan,,JuanMendes,JuanMendes.,juan:
1574153,BhanuSharma,bhanu,BhanuSharma.,Bhanu,BhanuSharma:,BhanuSharma,
5382,Mikezx6r,mikezx6r
2779389,MarlonAbeykoon,MarlonAbeykoon,,MarlonAbeykoon:,Marlon,MarlonAbeykoon.
112934,AJPerez.,AJPerez,AJPerez:,AjPerez,,AJPerez,
3848671,newfolder
379897,R..,R..:,R..,,R...,R...:
207421,EJP,EJP:,EJP,,EJP.
5649397,KrazyKalle,KrazyKalle.,PascalSchneider
1800181,MaderLevap
85661,Dan:,Dan,Dan,,DanNeely:,DanNeely,dan,DanNeely:-,SuppressWarning,dan-neely,DanNeely&#39;s,DanNeely,
201891,Nimnio,Nimnio:,Nimnio,,DavidS,DavidS,,DavidS:,davids:,EJB
1199931,user1199931,user1199931,,ashishduh,string/app_name,ashishduh,,ghettojoe,
565635,nightcracker,night,,nightcracker:,nightcracker,,night:,nightcracker::,nightcrack,,nightcracker.
4288506,Marcono1234
1089967,uklance,uklance:,LanceJava,LanceJava,,LanceJava:,Lance,LanceJava.
1307108,Groostav,Groostav:,Grosstav:,c0der,Groostav,makes
37740,ZiG,Zig,Saj:
1133641,
740553,Mike&#39;Pomax&#39;Kamermans:,Mike&#39;Pomax&#39;Kamermans,,Pomax,,Pomax,Mike.,Mike,mike,Mike&#39;Pomax&#39;Kamermans,,Mike&#39;Pomax&#39;Kamerman
247573,Benjamin:,BenjaminWootton,
1041442,JillesvanGurp,jilles-van-gurp,JillesvanGurp:
12149,Alex,AlexSpurling
5752410,Eitanos30,,Eitanos30,Eitanos
1650137,Zero3,Zero3,,Zero3:,Retention(RetentionPolicy.RUNTIME),Zero3.
125663,chrispy:,chrispy,@orip:,chrispy,chrispy,,AlicePurcell
6357916,anir,anlr,anir,,Anir,anir:,anir.
1293653,One,OneTwoThree,OneTwoThree:,OneTwoThree,,my_var,abcXYZ,One:
75863,jjujuma
1540818,Joffrey:,Joffrey,Joffrey,,azurefrog
12887,Jonathan:,Jon,Jonathan,JonathanTran,JonathanTran,,JonathanTran&#39;s
1593007,NeonWarge,,NeonWarge,Neon,NeonWarge:,neonWarge
5802468,Majora320,Majora320,,Majora,Majora320:,Majora320I
1263942,BGR,BGR:,BGR,,Bruno,Bruno,,BrunoGrieder,BrunoGrieder:
443716,Isaac:,Isaac,,Isaac,downvoter,Isacc,isaac
1677594,GuillaumeHusta,GuillaumeHusta:,Guillaume
4348811,Gaurava,GauravaAgarwal,GauravaAgarwal,,Gaurava:
1941654,Mike,MikeHill,MikeHill,
2655988,Nishit,Nishit,
2184517,AfterWorkGuinness,AfterWorkGuinness:
961018,Hamidam,Hamidam:,Hamidam,,Component,RequestParam,MoJS,MoJS:,mojs
4537090,FaithReaper,FaithReaper:,FaithReaper&gt;,WesternGun,WesternGun:,WeaterGun!
1935753,hele,,Hele,,Hele,hele,Hele:
903998,Victor,victor,Victor:,Victor,,Vic,vic,VIctor.,Victor,…communicating
4590393,
1572834,adpro,adpro,,adpro!,ad
1527084,Geek:,Geek,geek,Geek,
195663,Jonathan,JonathanNeufeld,JonathanNeufeld,,JonathanNeufeld:
431356,brettw,brettw:,brettw.,Brettw,brettw,
1863564,NickHartley,NickHartley,,newbiedoodle,newbiedoodle,,QPaysTaxes:,QPaysTaxes,QPaysTaxes,,Rodney,
2727710,kamoroso94,kamoroso94,,estus,kamoroso94:
801790,Desheng,DeshengLi,DeshengLi:,etlds,etlds,
3474,erickson,erickson:,erickson,,Erickson:,ZZ,Erickson,Erickson,,Eric,erickson.,erickson&#39;s
5851520,SusanW
666583,AndrewF:,AndrewF,AndrewF,
405326,Raffi,RaffiKhatchadourian:,Raffi,,RaffiKhatchadourian,RaffiKhatchadourian,,Raffi:,RaffiKhatchadourian&#39;s,RaffiKhatchadourian.
2514942,Aman,,AmanArora:,AmanArora,Aman
541755,jontejj,jontejj:
36565,dribeas:,David,David:,David.,David,,david,david:
8104378,
30563,digiarnie,,digiarnie,digiarnie:,Digiarnie,
3017818,Daniel,Daniel!,Daniel,,Daniel:,Danial,Daniel..ok
182653,paulw1128,
5083516,plugwash,plugwash,,plugwash:,
1477667,dfeuer:,dfeuer,dfeuer,
7191597,JustAnotherGuy
2315306,Singed,Singed,
1824182,TiStrga,TiStrga:,TiStrga,,Ti
726315,b1naryatr0phy,b1naryatr0phy,,b1naryatr0phy:,b1nary.atr0phy,b1nary.atr0phy:,b1nary:,b1nary.atr0phy,,b1nary
1997707,JohnMercier,,JohnMercier,John,John.,JohnMercier.,PropertySource({&quot;classpath:application.properties&quot;}),Bean,JohnMercier&#39;s,JohnMercier:
2870532,user2870532:,Tony,Tony:,Tony;,Tony,
1588303,user1588303,RodneyP.Barbati,RodneyP.Barbati:
873282,koppor:,koppor,koppor&#39;s,koppor,
338618,
6749790,Daniel
594765,Jboy,JBoy,JBoy,,JBoy:,Manoj.
5058708,
4899193,UsagiMiyamoto,UsagiMiyamoto:,UsagiMiyamoto,,Usagi,StanislavL,Valid
3487617,HankD,hank-d,Hank,HankD,,HankD.
4332532,LukeGarrigan,SmallLegend,SmallLegend:,small,Small
193980,Phlip,Phlip:,Philp,Phlip,,user3052988,lang,Philip,philip,posts]
7417104,JFreeman,,JFreeman:,JFreeman
803801,gsingh2011,,gsingh2011,gsingh:,gsingh2011:
2561119,user2561119,Resource,GabrielBB,GabrielBB,
2071258,LaurentLARIZZA,LaurentLARIZZA:,Laurent
4297364,MoisheLipsker,MoisheLipsker,,Moishe
145499,Gabriel,,Gabriel:,Gabriel,inanutshellus
143069,ILMTitan:,ILMTitan,ilmtitan:,ILMTitan,,ILMTitan.,irreputable&#39;s
521754,despot,despot:,despot,
1339987,djechlin:,djechlin,djechlin,,djechlin.,djechlin:If
818060,Sal..,Sal,Sal:
713106,Brad:,Brad,Brad.,Brad,
231397,ChristianFries,Christian,Christian:,ChristianFries:
2714301,Jwan622,Jwan622,,Jwan622:,tasks,
151909,gshauger:,gshauger
180247,Steve314,Steve:,Steve314:,Steve314,,Steve314:yes,,Steve,Steve,,steve314,,steve:
1548580,Demonblack
4615179,Ma&#235;lan,Ma&#235;lan,
3470841,JackMoore,JackMoore,,JackMoore:,Jack
4229629,ThePyroEagle,,ThePyroEagle:,ThePyroEagle
3464919,Webserveis
540128,vimukthi
4280410,TrevorBrown
188535,detly:,detly,,detly,detly;,det:,detly-,Detly,Detly-,detly.,detly!
1567566,Tinman,tinman
4837155,HarshitGupta
730561,
344945,Kevin:,Kevin,,Kevin,Kevin&#39;s,kevin:,kevin:below,kevin,,kevin,Kevin,<code>epoll_wait</code>
2950711,LinkTheProgrammer,LinkTheProgrammer:,LinkTheProgrammer.,LinkTheProgrammer,,LinkTheProgrammer?,AMDG
1015327,Hanno:Protect,HannoBinder,HannoBinder,,Hanno,Hanno:,Hanno,,HannoBinder:
3721259,anil-,anil,anil:,AV94:,AV94
711855,juanmf,juanmf:
5795938,StefanNeuhaus
1195139,Ben,BenThurley,W,BenThurley:,BenThurley,,Entity
287316,Tom,Tom:,Tom,,TomBrito
3138375,Nova,eli-bd
152796,thedayturns.,thedayturns:,thedayturns,,thedayturns,types,
244365,PaulMurrayCbr:,PaulMurrayCbr
2482570,mheiber,mheiber,,mheiber:,maxheiber,MaxHeiber,max:,max-heiber,Max
7359094,Fran&#231;oisAndrieux,Fran&#231;oisAndrieux,,Fran&#231;oisAndrieux;,Fran&#231;oisAndrieux:,Fran&#231;ois,Max,
941058,kingdango:,kingdango,kingdango.,kingdango,
2532888,MarcusMacWilliam,MarcusMacWilliam:
45664,Andrzej,Andrzej,,Andrzej:,And,Andr,,andrzej,
1914292,user1914292,user1914292:
5749570,ViralSheth,ViralSheth,,VHS,VHS:,VHS...As
854387,
1084488,Matthias,Matthias,
620,RyanCox
3705127,sprinter,,sprinter,sprinter:
1021970,whiteangel:,Whiteangel:,whiteangel,,Alex,RequestBody,IWillTryToCodeIt,GirlyGirl,girly,Girly,GirlyGirl.,Girl,ruhungry
203476,Rasmus,Rasmus:,Rasmus,,RasmusKaj
462,
4719725,parladneupane...,parladneupane,parlad:,parlad,parladneupane,
287586,dan04,,dan04,dan:,dan04:,dan,,Dan04:,dan04-,dan,Dan,,dan04&#39;s
5386374,JustinTime,,Justin,JustinTime,JustinTime:,Justin:
5864774,StealthVice7,,StealthVice7.,StealthVice7
138304,280Z28,280Z28:,280Z28,,280z28:,280Z:,280z28,280z28,,Bart
1565503,BenoitVanalderweireldt,BenoitVanalderweireldt,,Benoit!,Benoit,
1923205,satyabratasahoo
251370,Bex,,Bex:,Bex,,Bex&#39;s,Phillip100&#39;s
12943,Bill,Bill:,Bill.,bill
1960524,user1960524,user1960524,,adeshsingh
3281476,BruceWayne,BruceWayne;,BruceWayne,,Bruce:
3319870,Francis:,Francis
177883,user177883,user177883,,user177883:,DarthVader,Darth,DarthVader,,DarthVader:,Darth:,darth:
201557,thierry.,Thierry,Thierry,,Thierry:
597419,user,user597419:,,Danny,Danny:,Danny,,Danny.
2482582,user2482582,Moebius,Moebius:,Moebius,
1418838,HaakonL&#248;tveit,Daniel
949300,user949300,,user949300,user949300:,MISMajorDeveloperAnyways:,user94,user:
108207,LarsOn:,LarsOn,Niklas,Niklas:,eyquem,niklasR,NiklasR,Andreas,NiklasR,,Nicke,Nickle:,NickRosencrantz,NickRosencrantz:,NickRosencrantz,,Nick
219394,Kevin,Kevin:,Kevin,,KevinBrock,KevinBrock:,kevin,KevinBrock&#39;s
374746,Russell,,Russell:,Russell,cloudhead:,Russel,,Russel:,Russel,Nayuki:,RussellBorogove,RussellBorogove.,RussellBorogove:,RussellBorogove,,RB,,Russel&#39;s
309502,kmort,,kmort:,kmort,cp
5870336,SinaMadani,SinaMadani:
13531,mmyers,,mmyers:,mmyers,mmyers:Yeah,mmy,mmy,,mmyers.,Michael,Michael\
2105539,niks,niks:
993494,ThorstenNiehues,Thorsten
5483731,linuxNoob,linuxNoob:,linuxNoob—in
4398267,GregorRa&#253;man:,GregorRa&#253;man,,GregorRa&#253;man,GregorRayman&#39;s,Gregor
179630,gerrytan,gerrytan.,gerrytan:,gerrytan,,gerrytan!,Transactional(propogation=Propogation.NEVER),
4987313,caitlin
4685486,AnatoliiStepaniuk
36305,Dimitre:,Dimitre,,Dimitre,dimitre,,dimitre,Dimitre.,Tomalak:,dimitre:
10861,rmeador,rmeador:,rmeador:the,rmeador,,rmeador...,rmeador-
1281433,tayloj,JoshuaTaylor:,JoshuaTaylor,JoshuaTaylor,,JoshuaTaylor.,Joshua,joshua,joshua-taylor
103154,axtavt,axtavt:,axtavt,,NotNull,RequestParam,,NumberFormat,Transactional,axtavt:well
2223027,BobM,pyb,pyb:,pyb,
5117236,ImpulseTheFox,ImpulseTheFox:,ImpulseTheFox.,Impulse,ColumnName,DynamicPivotQuery
12299000,kaya3,Jab&#39;s,kaya3,,,kaya3.,Kaya3
1427758,AndersLind&#233;n:,AndersLind&#233;n,Anders,Anders:,Scripts.Render(&quot;~/bundles/jqueryval&quot;),AndersLind&#233;n,
3287514,OzzyTheGiant&#39;s,OzzyTheGiant:,OzzyTheGiant,OzzyTheGiant.
32453,rogerdpack:,rogerdpack,rogerdpack,,roger,rogerdpack&#39;s
1063716,SteveChambers,i-one,SteveChambers,,steve,Steve,SteveChambers:
239558,user239558:,user239558,user:,user
568393,schmmd,schmmd,,JtheRocker.
2075782,PauloOliveira,PauloOliveira,
651406,Sahil,SahilDave
2334438,AndrewRobie
1953590,kjkrum,KevinKrumwiede,KevinKrumwiede:,Kevin,KevinKrumwiede,,kevin
297807,
1839624,Sid,Sid,,Sid:,sid
352035,AutomatedMike,AutomatedMike,
1744774,GeroldBroser,GeroldBroser:,GeroldBroser:it,geri,GeriBroser,GeroldBroser.,Gerold,_;,GeroldBroser,
53897,Thorbj&#248;rn,Thorbj&#248;rn:,Thor,Thor:,Thorbj&#248;rn.,Thorbj&#248;rn,,Thorbj&#248;rn-Ravn-Andersen:,Thorbjorn:,Thor,
117361,andygavin
1622847,GaneshwaraHerawanHanandaPut,lolski,Odomontois,lolski:
116509,artbristol,artbristol:,artbristol&#39;s,artbristol,
3878948,RishabhAgarwal
1902288,user1902288,JBA,jba
0,
1858327,CaptainMan,Captain,CaptainMan:The,captainMan,ApiModelProperty,CaptainMan:,CaptainMan,
206466,xenoterracide:,xenoterracide,xeno:,xenoterracid,,Xeno:,xenoterracide,,Xeno,xeno,,xenotarracide,
2711488,Holger,Holger.,Eugene,Holger:Directory,Holger,,Holger:,holger:
663999,
7577274,ArtsiomChapialiou:
1011979,UFL1138,LouisWasserman&#39;s,UFL1138:If,UFL1138:
3713,Spoike.,Spoike:,spoike,Spoike,Spoike,
931123,livefree75:,livefree,livefree75,livrefree75:
4619958,Turtle,Turtle,i,Turtle,,,Turtle:,turtle,TurtIe,Turtle..,fzyzcjy,ch271828n:,ch271828n
4358787,Gaurav,gaurav,gaurav:,gaurav,
3087,Cem,Cem:,CemCatikkas
1324802,michael,,michael:,michael,Androidcoder,,Androidcoder,
556493,Anonymous:,yingted,yingted:
3649209,JamesLawson,,JamesLawson,James
2478398,user2478398,user2478398,,YCF_L,Async(&quot;bean-name&quot;),,Lazy,ConfigurationProperties
173074,Ricky,RickyClarkson,RickyClarkson:,RickyClarkson.
1265209,MartinClemensBloch,CommonsWare
183034,
2942487,MikhailKrutov,MikhailKrutov?
14007,Alex,AlexBeardsley
2513573,Boosha,,Boosha,AdamSkywalker,AdamSkywalker:,AdamSkywalker,,Adam,adamskywalker,AdamSkywalker.,AdamSkywalker&#39;s,adam
11892,bltxd:,bltxd
7775986,Lealo,Lealo:,lealo,Lealo,
6451573,Jean-Fran&#231;oisFabre,jean-Francois,Jean-Fran&#231;oisFabre,,Jean-Fran&#231;oisFabre:,Jean-Fran&#231;ois
653539,Tom&#225;šZ&#225;lusk&#253;:,Tom&#225;šZ&#225;lusk&#253;,Tom&#225;šZ&#225;lusk&#253;,
1696114,WillSolo),Will,WillHardwick-Smith
726047,Matt,MatthewKirkley,Matthew,MatthewKirkley:,MatthewKirkley,
529286,zakmck,Tezra&#39;s,zakmck:
1476154,grinch,,grinch,grinch:
595305,mike:,mike,mikerodent,mikerodent:,mikerodent,,mike-rodent
13379,mangst,mangst:,Michael:,MichaelAngstadt.,Michael,,Michael,Michael:I
428400,GlennBech:,GlennBech,Glenn,GlennBech,
2859957,treesAreEverywhere:,treesAreEverywhere
1327788,Giodude,Giodude:,Giodude,,snegi,Giudude,GiovanniBotta,GiovanniBotta:,vptheron&#39;s,Giovanni,,GiovanniBotta?,GiovanniBotta.,GiovanniBotta,
7471307,ArtanisZeratul,Artanis,ArtanisZeratul:,artanis
50776,casperOne,casperOne:,casperOne.,casperOne,,casper,Casper:,casper:,CasperOne:,CasperOne,CasperOne.
554431,bestsss:,bestsss,bestsss,,bestss,best,
442968,Rondo,Rondo,,Rondo!
3277070,
276949,teehoo,teehoo:,MartinKonecny,MartinKonecny,,Martin,MartinKonecny:
3046674,
532759,Azshara,AndaP,,AndaP:,AndaP
2266428,JECarterII,JECarterII:,JECarterII,,Carter.,JECarter,JECartterII,
2316112,PhilippSander,Philipp,PhilippSander,,Philipp:,CustomScoped(value,PhilippSander.
24874,Drew:,Drew,Drew,,drew,Brad
1342121,Component,iangreen:
432903,PrayagUpd,prayag,prayagupd,peter,,prayagupd..,prayagupd,
3752374,dguay,dguay,,dguay:
42962,hooknc,hooknc:,hooknc,
1553537,GiorgiTsiklauri:,JozefChocolacek,GiorgiTsiklauri,GiorgiTsiklauri,,Giorgi,GIorgi
4288054,OleksandrAlbul,OleksandrAlbul,
506855,Puce,Puce:,Puce,,Puce.,Puce-
993262,StephenHartley,,StephenHartley
5108418,hege_hegedus,hege_hegedus,,hege_hegedus:,hege_hegedus&#39;s
256689,
347348,Andy:,serbrech,Andy,Andy,,Andy.
47402,Rolf,rolf,RolfRander,RolfRander:
301832,Donal,Donal:,Donal,,donal:,Donal+@David:,S.Lott,donal,donal-fellows:
3948862,D&#225;vidHorv&#225;th,David,D&#225;vidHorv&#225;th,,D&#225;vid,D&#225;vidHorv&#225;th:,D&#225;vid’s,D&#225;vidHorv&#225;th!
437244,
37213,duffy:,duffymo:,duffymo,,duffymo,froadie:,duffy,duffy,,Duffymo:,DuffyMo,
1928271,SzymonDrosdzol,Szymon
1284868,pitchblack408,pitchblack408,
2326914,Rogerio,Rogerio:,Rogerio,,ThreadSafe,Rog&#233;rio
296974,glglgl,glglgl,,glglgl:,glgl,glglg,Travis:,glglgl!,glglgl&#39;s
1823525,Sergio,Sergio?
10522,Berlin,Berlin,,Berlin:,BerlinBrown,berlinbrown2,BerlinBrown:,BerlinBrown,
3774109,
3605161,flipperweid,,flipperweid
48553,SnOrfus:,SnOrfus,SnOrfus,,Snorfus,,Snorfus,xeon,StevenEvers:
9251,Rick-Minerich,Rick,rick-minerich,RickMinerich,RickMinerich:
1149606,Josef.B
1215724,Photon:,Photon,Photon,,PhotonCriticalFatalError_,PhotonCriticalFatalError_,,photon,Mohit,Mohit:,mohit,,Hi-TechKitKatAndroid,Hi-TechKitKatAndroid:,Hi-Tech,Hi-TechKitKatAndroid,,KeyLimePiePhotonAndroid,KeyLimePiePhotonAndroid,
199364,ToolmakerSteve:,ToolmakerSteve,ToolmakerSteve,,ToolmakerSteve.,ToolmakerSteve;,ToolMakerSteve,toolmakersteve,,Dave.B,ToolmakerSteve!
580677,nmr,nmr:,nmr,,nmr:Yes,nmr&#39;s
445367,eelco:,Eelco,Eelco,,Eelco:
45668,Malcolm,Malcolm:,Malcolm:It&#39;s,Malcolm,,Malcom,Malcolm...
1857891,BrianBulkowski
467379,ncmathsadist,ncmathsadist:,ncmathsadist&#39;s,ncmathsadist,
6095220,Mobigital,MobigItal
9772691,John,JohnMcClane:,JohnMcClane,JohnMcClane,
270371,davidh,,davidh,davidhxxx,davidhxxx,,davidhxxx:,Spy,david
4299560,CedricVandenBosch,Ced,PostConstruct,,Ced,,Ced:,ced:
439034,worldsayshi,worldsayshi:,worldsayshi.
440921,Mark,Mark:,MarkWhitaker
2227222,Hans:,Hans,Hans,,hans,,hans,Hans.
1129332,Babibu,Babibu:,Baibu:,Babibu,,Babidu,Ilya_Gazman,Ilya:
898478,m0skit0,m0skit0,,m0skit0:
1300214,pbs:,pbs,ralf,poirot,,poirot,Antinous,Pixel,,Pixel
452944,FidEliO:,FidEliO
355456,Hong,,Hong,Hong:,TargetApi
1424875,ObsessiveFOSS:,ObsessiveFOSS,ObsessiveSSOℲ,ObsessiveSSOℲ:,hexafraction,hexafraction:,hexafraction,,hexafraction.,hexafraction:There
452775,Lii,lii,Lii,,Lii:,Anatoly,Lii.
2896730,BenKushigian:,BenKushigian
6651650,PaulrBear,,PaulrBear,PaulWintz
4743275,RestlessC0bra,RestlessC0bra:,RestlessC0bra,,RestlessC0bra.:,Nik-Lz:,Nik-Lz,Nik-Lz,,nik-lz:
2902116,blueIDe
1288,Bill,Bill:,Bill-the-Lizard:,Bill,,BilltheLizard:,Bil
1081110,DavidWallace,DavidWallace:,David:,David,david,,Peter,David,,retryOnException.,Autowired
10630900,Minn,Minn:
4431053,Spara,Spara:,Spara,,Spara.
671543,njzk2,i,njzk2:,njzk2,,njzk
274614,jsravn,
503894,
795245,gomino,gomino,,gomino.,Nilzor,Gomino
4030086,
917530,Sylphe
1404049,Fallenreaper,Fallenreaper,,Fallenreaper:
404145,DiveInto,DiveInto:,Diveinto
453435,Supuhstar,,Supuhstar,Supuhstar:,Supuhstar.,Supuhstar-
1060779,maxivis
1457258,MarcinZukowski,MarcinZukowski,,MarcinZukowski:,Marcin,MarcinZukowski&#39;s
241750,Sebastian,Sebastian:,Sebastain:,sebastian,Sebastian,
317522,Paulo:,PauloMerson,,PauloMerson
648955,leventov,leventov:,leventov,,leventov&#39;s,leventov.
1262865,john16384,john16384:,John16384,,john16384,,Configuration,,Cacheable
974531,Darthenius:,Darthenius,Darthenius,
480118,mike:,mike01010,mike01010:,mike,mike01010,
1924299,Eng.SamerT,eng.samerT
1482508,Ali,Ali:yes,Ali:
128397,Daniel,,Daniel:,Daniel,Dan,Daniel!,Dan.,daniel,Daniel.
4561047,Brandon,brand:,brandaemon,brandaemon,,brandaemon:,brandaemon.,intcreator
2950618,JosueGalindo,josh:This,Josh,Josh,,Josh:,josh
4249,matt,Matt:,Matt,mattb:,matt:,Matt,,matt-b,,mattb,matt-b,matt,
3939277,Ben,BenLeggiero,Ben_Leggiero&#39;s,BenLeggiero&#39;s,BenC.R.Leggiero,,BenC.R.Leggiero,BenC.R.Leggiero:,BenLeggiero,
216111,josefx,josefx:,josefx.,josefx,
202009,Andy:,andy,Andy,,Andy,AndyThomas-Cramer:,andy:,andy,,AndyThomas-Cramer,,andythomas-cramer,AndyThomas-Cramer
63550,Peter,Peter:,Peter,,peter,,peter,Pete:,PeterMortensen,PeterMortensen;,PeterMortensen:,PeterMortensen.,PeterMortensen,,peter-mortensen
7322834,
1146608,PatrickM:,PatrickM,PatrickM,,Patrick
1939564,MuhammadBabar,MuhammadBabar:,Muhammad,MuhammadBabar,,babar,muhammad
34088,Aaron,Aaron.,Aaron:,Aaron,,aaron:,Cabel,tghw,aaron
449652,david,,david,david:,david--the,david.
2146861,
18511,Kip:,Kip,,Kip,kip,,Kip&#39;s,kip,kip:
1364759,user1364759,Shadoninja,Shadoninja:,Shadoninja,,Shadoninja.
